travel_plan_id,brand,plan_name,direction,price_myr,validity_days,data_gb_malaysia,data_gb_roaming,prepaid/postpaud,countries_covered,country_count,hotspot,calls,includes_travel_insurance,unique_benefits,best_for_persona,source_url
1,Yes,yesRoam ASEAN Plus Daily Pass,outbound,10,1,0,1,postpaid,Brunei | Cambodia | Indonesia | Laos | China | Hong Kong | Macau | Philippines | South Korea | Singapore | Taiwan | Thailand | Timor-Leste | Vietnam,14,No,No,No,"Unlimited (512kbps after 10GB), Customise your activation date up to 30 days in advance",Casual Roamer,https://www.yes.my/roaming/
2,Yes,yesRoam ASEAN Plus 3 Days Pass,outbound,20,3,0,5,postpaid,Brunei | Cambodia | Indonesia | Laos | China | Hong Kong | Macau | Philippines | South Korea | Singapore | Taiwan | Thailand | Timor-Leste | Vietnam,14,No,No,No,"Unlimited (512kbps after 10GB), Customise your activation date up to 30 days in advance",Regional Hopper,https://www.yes.my/roaming/
3,Yes,yesRoam ASEAN Plus 7 Days Pass,outbound,30,7,0,10,postpaid,Brunei | Cambodia | Indonesia | Laos | China | Hong Kong | Macau | Philippines | South Korea | Singapore | Taiwan | Thailand | Timor-Leste | Vietnam,14,No,No,No,"Unlimited (512kbps after 10GB), Customise your activation date up to 30 days in advance",Frequent ASEAN Traveller,https://www.yes.my/roaming/
4,Yes,YesRoam SG 1 Day Pass,outbound,8,1,5,1,postpaid,Singapore,1,No,Unlimited,No,"Unlimited 5G + 4G data for 24 hours upon activation, 1GB high-speed data, 512kbps thereafter",Casual Roamer,https://www.yes.my/roaming/
5,Yes,YesRoam SG 3 Day Pass,outbound,12,3,5,5,postpaid,Singapore,1,No,Unlimited,No,"Unlimited 5G + 4G data for 72 hours upon activation, 5GB high-speed data, 512kbps thereafter",Regional Hopper,https://www.yes.my/roaming/
6,Yes,YesRoam SG 7 Day Pass,outbound,20,7,5,10,postpaid,Singapore,1,No,Unlimited,No,"Unlimited 5G + 4G data for 168 hours upon activation, 10GB high-speed data, 512kbps thereafter",Frequent ASEAN Traveller,https://www.yes.my/roaming/
7,Hotlink,Hotlink Travel SIM Pack 1,both,35,15,100,100,prepaid,Malaysia | Thailand | Indonesia | Singapore,4,Unlimited,Unlimited,No,eSIM Available,Inbound Tourist,https://www.hotlink.com.my/en/products/travel-sim/#store
8,Hotlink,Hotlink Travel SIM Pack 2,both,60,30,200,200,prepaid,Malaysia | Thailand | Indonesia | Singapore,4,Unlimited,Unlimited,No,"Roam-Like-Home in SG/TH/ID, hotspot enabled, 5G ready",Inbound Tourist,https://www.hotlink.com.my/en/products/travel-sim/#store
9,Hotlink,Hotlink’s Roam-Like-Home Prepaid Pack 1 ,outbound,60,30,0,100,prepaid,Thailand | Indonesia | Singapore,3,Unlimited,Unlimited,No,"Roam-Like-Home in SG/TH/ID using local Internet pass quota, hotspot enabled",Regional Hopper,https://www.hotlink.com.my/en/products/travel-sim/#store
10,Hotlink,Hotlink’s Roam-Like-Home Prepaid Pack 2 ,outbound,45,30,0,40,prepaid,Thailand | Indonesia | Singapore,3,Unlimited,Unlimited,No,"Roam-Like-Home in SG/TH/ID at low monthly cost, hotspot enabled, 5G ready",Regional Hopper,https://www.hotlink.com.my/en/products/travel-sim/#store
11,Hotlink,Hotlink Postpaid 75,outbound,65,30,0,300,postpaid,Malaysia | Thailand | Indonesia | Singapore,4,Unlimited,Unlimited,No,"FREE up to 300GB Roam-Like-Home in SG/TH/ID with 4G/5G, no extra roaming charges",Regional Hopper,https://www.hotlink.com.my/en/products/travel-sim/#store
12,CelcomDigi,Multi-Country Pass 3-Day Pass,outbound,28,3,0,4,prepaid,Singapore | Indonesia | Thailand,3,Unlimited,15min/day,No,"FREE in-flight roaming, Keep your number (easy for WhatsApp, OTPs)",Regional Hopper,https://www.celcomdigi.com/roaming/multi-day-pass
13,CelcomDigi,Multi-Country Pass 3-Day Unlimited Pass,outbound,48,3,0,6,prepaid,Albania | Armenia | Australia | Austria | Azerbaijan | Bahrain | Bangladesh | Belarus | Belgium | Bosnia and Herzegovina | Brazil | Brunei Darussalam | Cambodia | Canada | China | Congo DRC | Croatia | Cyprus | Czech Republic | Denmark | Egypt | Estonia | Finland | France | Germany | Ghana | Greece | Hong Kong | Hungary | Iceland | India | Indonesia | Ireland | Isle of Man | Italy | Japan | Jersey | Kazakhstan | Korea | Kuwait | Kyrgyzstan | Laos | Latvia | Lithuania | Liechtenstein | Luxembourg | Macau | Malta | Mozambique | Nepal | Netherlands | New Zealand | Norway | Oman | Pakistan | Philippines | Poland | Portugal | Qatar | Romania | Russia | Saudi Arabia | Serbia | Singapore | South Africa | Spain | Slovenia | Sri Lanka | Sweden | Switzerland | Taiwan | Tanzania | Thailand | Timor-Leste | Turkey | UAE | UK | USA | Ukraine | Uruguay | Uzbekistan | Vietnam,82,Unlimited,15min/day,No,"FREE in-flight roaming, Keep your number (easy for WhatsApp, OTPs)",Regional Hopper,https://www.celcomdigi.com/roaming/multi-day-pass
14,CelcomDigi,Multi-Country Pass 7-Day Unlimited Pass,outbound,58,7,0,14,prepaid,Albania | Armenia | Australia | Austria | Azerbaijan | Bahrain | Bangladesh | Belarus | Belgium | Bosnia and Herzegovina | Brazil | Brunei Darussalam | Cambodia | Canada | China | Congo DRC | Croatia | Cyprus | Czech Republic | Denmark | Egypt | Estonia | Finland | France | Germany | Ghana | Greece | Hong Kong | Hungary | Iceland | India | Indonesia | Ireland | Isle of Man | Italy | Japan | Jersey | Kazakhstan | Korea | Kuwait | Kyrgyzstan | Laos | Latvia | Lithuania | Liechtenstein | Luxembourg | Macau | Malta | Mozambique | Nepal | Netherlands | New Zealand | Norway | Oman | Pakistan | Philippines | Poland | Portugal | Qatar | Romania | Russia | Saudi Arabia | Serbia | Singapore | South Africa | Spain | Slovenia | Sri Lanka | Sweden | Switzerland | Taiwan | Tanzania | Thailand | Timor-Leste | Turkey | UAE | UK | USA | Ukraine | Uruguay | Uzbekistan | Vietnam,82,Unlimited,15min/day,No,"FREE in-flight roaming, Keep your number (easy for WhatsApp, OTPs)",Frequent ASEAN Traveller,https://www.celcomdigi.com/roaming/multi-day-pass
15,CelcomDigi,Multi-Country Pass 14-Day Unlimited Pass,outbound,98,14,0,42,prepaid,Albania | Armenia | Australia | Austria | Azerbaijan | Bahrain | Bangladesh | Belarus | Belgium | Bosnia and Herzegovina | Brazil | Brunei Darussalam | Cambodia | Canada | China | Congo DRC | Croatia | Cyprus | Czech Republic | Denmark | Egypt | Estonia | Finland | France | Germany | Ghana | Greece | Hong Kong | Hungary | Iceland | India | Indonesia | Ireland | Isle of Man | Italy | Japan | Jersey | Kazakhstan | Korea | Kuwait | Kyrgyzstan | Laos | Latvia | Lithuania | Liechtenstein | Luxembourg | Macau | Malta | Mozambique | Nepal | Netherlands | New Zealand | Norway | Oman | Pakistan | Philippines | Poland | Portugal | Qatar | Romania | Russia | Saudi Arabia | Serbia | Singapore | South Africa | Spain | Slovenia | Sri Lanka | Sweden | Switzerland | Taiwan | Tanzania | Thailand | Timor-Leste | Turkey | UAE | UK | USA | Ukraine | Uruguay | Uzbekistan | Vietnam,82,Unlimited,15min/day,No,"FREE in-flight roaming, Keep your number (easy for WhatsApp, OTPs)",Global Executive,https://www.celcomdigi.com/roaming/multi-day-pass
16,CelcomDigi,Multi-Country Pass 30-Day Unlimited Pass,outbound,118,30,0,90,prepaid,Albania | Armenia | Australia | Austria | Azerbaijan | Bahrain | Bangladesh | Belarus | Belgium | Bosnia and Herzegovina | Brazil | Brunei Darussalam | Cambodia | Canada | China | Congo DRC | Croatia | Cyprus | Czech Republic | Denmark | Egypt | Estonia | Finland | France | Germany | Ghana | Greece | Hong Kong | Hungary | Iceland | India | Indonesia | Ireland | Isle of Man | Italy | Japan | Jersey | Kazakhstan | Korea | Kuwait | Kyrgyzstan | Laos | Latvia | Lithuania | Liechtenstein | Luxembourg | Macau | Malta | Mozambique | Nepal | Netherlands | New Zealand | Norway | Oman | Pakistan | Philippines | Poland | Portugal | Qatar | Romania | Russia | Saudi Arabia | Serbia | Singapore | South Africa | Spain | Slovenia | Sri Lanka | Sweden | Switzerland | Taiwan | Tanzania | Thailand | Timor-Leste | Turkey | UAE | UK | USA | Ukraine | Uruguay | Uzbekistan | Vietnam,82,Unlimited,15min/day,No,"FREE in-flight roaming, Keep your number (easy for WhatsApp, OTPs)",Global Executive,https://www.celcomdigi.com/roaming/multi-day-pass
17,CelcomDigi,Monthly 30GB Roam Pass,outbound,40,30,0,30,postpaid,Singapore | Indonesia | Thailand,82,Unlimited,15min/day,No,"FREE in-flight roaming, Keep your number (easy for WhatsApp, OTPs)",Frequent ASEAN Traveller,https://www.celcomdigi.com/roaming/monthly-pass
18,CelcomDigi,Monthly 80GB Roam Pass,outbound,70,30,0,80,postpaid,Albania | Armenia | Australia | Austria | Azerbaijan | Bahrain | Bangladesh | Belarus | Belgium | Bosnia and Herzegovina | Brazil | Brunei Darussalam | Cambodia | Canada | China | Congo DRC | Croatia | Cyprus | Czech Republic | Denmark | Egypt | Estonia | Finland | France | Germany | Ghana | Greece | Hong Kong | Hungary | Iceland | India | Indonesia | Ireland | Isle of Man | Italy | Japan | Jersey | Kazakhstan | Korea | Kuwait | Kyrgyzstan | Laos | Latvia | Lithuania | Liechtenstein | Luxembourg | Macau | Malta | Mozambique | Nepal | Netherlands | New Zealand | Norway | Oman | Pakistan | Philippines | Poland | Portugal | Qatar | Romania | Russia | Saudi Arabia | Serbia | Singapore | South Africa | Spain | Slovenia | Sri Lanka | Sweden | Switzerland | Taiwan | Tanzania | Thailand | Timor-Leste | Turkey | UAE | UK | USA | Ukraine | Uruguay | Uzbekistan | Vietnam,82,Unlimited,15min/day,No,"FREE in-flight roaming, Keep your number (easy for WhatsApp, OTPs)",Global Executive,https://www.celcomdigi.com/roaming/monthly-pass
19,CelcomDigi,50-Day Unlimited Hajj Pass,outbound,148,50,0,150,prepaid,Saudi Arabia,1,Unlimited,30min/day,No,"FREE in-flight roaming, Get on special rates on Quran, zikir, daily duas",Hajj/Umrah Pilgrim,https://www.celcomdigi.com/roaming/hajj-pass
20,CelcomDigi,30-Day Unlimited Tourist Pass,inbound,55,30,200,3,prepaid,Brunei | Cambodia | Indonesia | Laos | Malaysia | Myanmar | Philippines | Singapore | Thailand | Timor-Leste | Vietnam,11,Unlimited,Unlimited,No,5G/4G Internet (18Mbps),Inbound Tourist,https://www.celcomdigi.com/roaming/tourist-sim
21,CelcomDigi,14-Day Unlimited Tourist Pass,inbound,20,14,200,3,prepaid,Brunei | Cambodia | Indonesia | Laos | Malaysia | Myanmar | Philippines | Singapore | Thailand | Timor-Leste | Vietnam,11,Unlimited,Unlimited,No,5G/4G Internet (18Mbps),Inbound Tourist,https://www.celcomdigi.com/roaming/tourist-sim
22,CelcomDigi,7-Day Unlimited Tourist Pass,inbound,25,7,100,0,prepaid,Malaysia,1,Unlimited,Unlimited,No,5G/4G Internet (18Mbps),Inbound Tourist,https://www.celcomdigi.com/roaming/tourist-sim
23,CelcomDigi,3-Day Unlimited Tourist Pass,inbound,15,3,10,0,prepaid,Malaysia,1,No,Unlimited,No,5G/4G Internet (18Mbps),Inbound Tourist,https://www.celcomdigi.com/roaming/tourist-sim
24,CelcomDigi,"14-Day​ Highspeed Tourist Pass",inbound,25,14,100,0,prepaid,Malaysia,1,Unlimited,Unlimited,No,igh-speed Internet,Inbound Tourist,https://www.celcomdigi.com/roaming/tourist-sim
25,Maxis,1 Day DataRoam Pass,outbound,38,1,0,0.5,prepaid,Afghanistan | Albania | Algeria | Anguilla | Antigua and Barbuda | Argentina | Armenia | Aruba | Australia | Austria | Azerbaijan | Bahamas | Bahrain | Bangladesh | Barbados | Belarus | Belgium | Benin | Bermuda | Bhutan | Bolivia | Bosnia & Herzegovina | Botswana | Brazil | British Virgin Islands | Brunei | Bulgaria | Burkina Faso | Cambodia | Cameroon | Canada | Cape Verde | Cayman Islands | Chad | Chile | China | Colombia | Congo | Cook Islands | Costa Rica | Croatia | Cyprus | Czech Republic | D.R. Congo (Zaire) | Denmark | Dominica | Dominican Republic | East Timor (Timor-Leste) | Ecuador | Egypt | El Salvador | Estonia | Ethiopia | Faroe Islands | Fiji | Finland | France | French Polynesia | Gabon | Gambia | Georgia | Germany | Ghana | Gibraltar | Greece | Greenland | Grenada | Guadeloupe | Guam | Guatemala | Guernsey | Guinea | Haiti | Honduras | Hong Kong | Hungary | Iceland | India | Indonesia | Iraq | Ireland | Isle of Man | Italy | Jamaica | Japan | Jersey | Jordan | Kazakhstan | Kenya | Kuwait | Kyrgyzstan | Laos | Latvia | Liechtenstein | Lithuania | Luxembourg | Macau | Macedonia | Madagascar | Malta | Maritime - On-Waves | Mauritius | Mexico | Mongolia | Montenegro | Morocco | Mozambique | Nepal | Netherlands | New Zealand | Nicaragua | Nigeria | Norway | Oman | Pakistan | Palestine | Panama | Papua New Guinea | Paraguay | Peru | Philippines | Poland | Portugal | Puerto Rico | Qatar | Republic of Moldova | Romania | Russia | Saudi Arabia | Serbia | Seychelles | Singapore | Slovakia | Slovenia | South Africa | South Korea | Spain | Sri Lanka | St. Kitts And Nevis | St. Lucia | St. Vincent & Grenadines | Sudan | Suriname | Sweden | Switzerland | Taiwan | Tajikistan | Tanzania | Thailand | Togo | Tonga | Trinidad & Tobago | Tunisia | Turkey | Turks And Caicos Islands | Uganda | Ukraine | United Arab Emirates | United Kingdom | Uruguay | USA | Uzbekistan | Vietnam | Yemen Republic,117,No,No,No,"Pay-per-use coverage in 200+ countries, auto-activated on usage",Casual Roamer,https://www.maxis.com.my/en/faq/products-services/roaming-and-idd/data-roaming/
26,Maxis,1 Day Unlimited Data Pass,outbound,29,1,0,2,prepaid,Afghanistan | Albania | Algeria | Anguilla | Antigua and Barbuda | Argentina | Armenia | Aruba | Australia | Austria | Azerbaijan | Bahamas | Bahrain | Bangladesh | Barbados | Belarus | Belgium | Benin | Bermuda | Bhutan | Bolivia | Bosnia & Herzegovina | Botswana | Brazil | British Virgin Islands | Brunei | Bulgaria | Burkina Faso | Cambodia | Cameroon | Canada | Cape Verde | Cayman Islands | Chad | Chile | China | Colombia | Congo | Cook Islands | Costa Rica | Croatia | Cyprus | Czech Republic | D.R. Congo (Zaire) | Denmark | Dominica | Dominican Republic | East Timor (Timor-Leste) | Ecuador | Egypt | El Salvador | Estonia | Ethiopia | Faroe Islands | Fiji | Finland | France | French Polynesia | Gabon | Gambia | Georgia | Germany | Ghana | Gibraltar | Greece | Greenland | Grenada | Guadeloupe | Guam | Guatemala | Guernsey | Guinea | Haiti | Honduras | Hong Kong | Hungary | Iceland | India | Indonesia | Iraq | Ireland | Isle of Man | Italy | Jamaica | Japan | Jersey | Jordan | Kazakhstan | Kenya | Kuwait | Kyrgyzstan | Laos | Latvia | Liechtenstein | Lithuania | Luxembourg | Macau | Macedonia | Madagascar | Malta | Maritime - On-Waves | Mauritius | Mexico | Mongolia | Montenegro | Morocco | Mozambique | Nepal | Netherlands | New Zealand | Nicaragua | Nigeria | Norway | Oman | Pakistan | Palestine | Panama | Papua New Guinea | Paraguay | Peru | Philippines | Poland | Portugal | Puerto Rico | Qatar | Republic of Moldova | Romania | Russia | Saudi Arabia | Serbia | Seychelles | Singapore | Slovakia | Slovenia | South Africa | South Korea | Spain | Sri Lanka | St. Kitts And Nevis | St. Lucia | St. Vincent & Grenadines | Sudan | Suriname | Sweden | Switzerland | Taiwan | Tajikistan | Tanzania | Thailand | Togo | Tonga | Trinidad & Tobago | Tunisia | Turkey | Turks And Caicos Islands | Uganda | Ukraine | United Arab Emirates | United Kingdom | Uruguay | USA | Uzbekistan | Vietnam | Yemen Republic,117,No,No,No,"Unlimited data in selected country, ideal for short single-country trips",Casual Roamer,https://www.maxis.com.my/en/faq/products-services/roaming-and-idd/data-roaming/
27,Maxis,3 Days ASEAN Data Pass,outbound,39,3,0,6,prepaid,Brunei | Cambodia | Indonesia | Laos | Philippines | Singapore | Thailand | Vietnam | East Timor,9,No,No,No,Covers all 9 ASEAN countries with one pass,Regional Hopper,https://www.maxis.com.my/en/faq/products-services/roaming-and-idd/data-roaming/
28,Maxis,7 Days ASEAN Data Pass,outbound,49,7,0,14,prepaid,Brunei | Cambodia | Indonesia | Laos | Philippines | Singapore | Thailand | Vietnam | East Timor,9,No,No,Yes,"Covers all 9 ASEAN countries with one pass, week-long trips",Frequent ASEAN Traveller,https://www.maxis.com.my/en/faq/products-services/roaming-and-idd/data-roaming/
29,Maxis,7 Days APAC Data Pass,outbound,69,7,0,14,prepaid,Afghanistan | Armenia | Australia | Azerbaijan | Bahrain | Bangladesh | Brunei | Cambodia | China | East Timor | Hong Kong | India | Indonesia | Iraq | Japan | Jordan | Kazakhstan | Korea | Kuwait | Kyrgyzstan | Laos | Macau | Nepal | New Zealand | Oman | Pakistan | Philippines | Qatar | Saudi Arabia | Singapore | Sri Lanka | Taiwan | Tajikistan | Thailand | United Arab Emirates | Vietnam,40,No,No,Yes,"Covers 40 APAC destinations including Japan, Korea, Australia, China",Global Executive,https://www.maxis.com.my/en/faq/products-services/roaming-and-idd/data-roaming/
30,Maxis,15 Days Multi country Data Pass,outbound,99,15,0,30,prepaid,Afghanistan | Albania | Argentina | Armenia | Australia | Austria | Azerbaijan | Bahrain | Bangladesh | Belarus | Belgium | Brunei | Bulgaria | Cambodia | Canada | China | Congo | Croatia | Czech Republic | D.R.Congo (Zaire) | Denmark | East Timor | Egypt | Estonia | Faroe Islands | Finland | France | Georgia | Germany | Ghana | Greece | Guernsey | Hong Kong | Hungary | Iceland | India | Indonesia | Iraq | Ireland | Isle of Man | Italy | Japan | Jersey | Jordan | Kazakhstan | Kuwait | Kyrgyzstan | Laos | Latvia | Liechtenstein | Lithuania | Luxembourg | Macau | Macedonia | Madagascar | Malta | Mexico | Montenegro | Mozambique | Myanmar | Nepal | Netherlands Antilles | New Zealand | Norway | Oman | Pakistan | Philippines | Poland | Portugal | Qatar | Republic of Moldova | Romania | Russia | Saudi Arabia | Serbia | Singapore | Slovakia | Slovenia | South Africa | South Korea | Spain | Sri Lanka | Sweden | Switzerland | Taiwan | Tajikistan | Thailand | Tunisia | Turkey | Ukraine | United Arab Emirates | United Kingdom | United Republic of Tanzania | Uruguay | USA | Uzbekistan | Vietnam,104,No,No,Yes,Aeromobile coverage,Global Executive,https://www.maxis.com.my/en/faq/products-services/roaming-and-idd/data-roaming/
31,Maxis,30 Days Multi country Data pass,outbound,149,30,0,60,prepaid,Afghanistan | Albania | Argentina | Armenia | Australia | Austria | Azerbaijan | Bahrain | Bangladesh | Belarus | Belgium | Brunei | Bulgaria | Cambodia | Canada | China | Congo | Croatia | Czech Republic | D.R.Congo (Zaire) | Denmark | East Timor | Egypt | Estonia | Faroe Islands | Finland | France | Georgia | Germany | Ghana | Greece | Guernsey | Hong Kong | Hungary | Iceland | India | Indonesia | Iraq | Ireland | Isle of Man | Italy | Japan | Jersey | Jordan | Kazakhstan | Kuwait | Kyrgyzstan | Laos | Latvia | Liechtenstein | Lithuania | Luxembourg | Macau | Macedonia | Madagascar | Malta | Mexico | Montenegro | Mozambique | Myanmar | Nepal | Netherlands Antilles | New Zealand | Norway | Oman | Pakistan | Philippines | Poland | Portugal | Qatar | Republic of Moldova | Romania | Russia | Saudi Arabia | Serbia | Singapore | Slovakia | Slovenia | South Africa | South Korea | Spain | Sri Lanka | Sweden | Switzerland | Taiwan | Tajikistan | Thailand | Tunisia | Turkey | Ukraine | United Arab Emirates | United Kingdom | United Republic of Tanzania | Uruguay | USA | Uzbekistan | Vietnam,104,No,No,Yes,Aeromobile coverage,Global Executive,https://www.maxis.com.my/en/faq/products-services/roaming-and-idd/data-roaming/
32,TuneTalk,DUM DUM Data SIM Lite,inbound,12,15,20,0,prepaid,Malaysia,1,Unlimited,No,Yes,"Fully Hotspot Shareable, Supports One-Time Password (OTP)",Inbound Tourist,https://www.tunetalk.com/lifestyle/travel/dumdum-sim/
33,TuneTalk,DUM DUM Data SIM Pro,inbound,20,15,40,0,prepaid,Malaysia,1,Unlimited,No,Yes,"Fully Hotspot Shareable, Supports One-Time Password (OTP)",Inbound Tourist,https://www.tunetalk.com/lifestyle/travel/dumdum-sim/
34,TuneTalk,Malaysia Traveller SIM Lite,inbound,25,15,40,0,prepaid,Malaysia,1,Unlimited,Unlimited,Yes,Fully Hotspot Shareable,Inbound Tourist,https://www.tunetalk.com/lifestyle/travel/malaysia-traveller-sim/
35,TuneTalk,Malaysia Traveller SIM Fast,inbound,35,30,150,0,prepaid,Malaysia,1,Unlimited,Unlimited,Yes,Fully Hotspot Shareable,Inbound Tourist,https://www.tunetalk.com/lifestyle/travel/malaysia-traveller-sim/
36,TuneTalk,Malaysia Traveller SIM Unlimited,inbound,50,30,350,0,prepaid,Malaysia,1,Unlimited,Unlimited,Yes,Fully Hotspot Shareable,Inbound Tourist,https://www.tunetalk.com/lifestyle/travel/malaysia-traveller-sim/
37,redOne,redROAM10,outbound,10,30,0,10,postpaid,Indonesia | Singapore | Thailand,3,No,No,No,64kbps Basic Internet,Casual Roamer,https://www.redonemobile.com.my/en/roaming/
38,redOne,redROAM 3-Day Pass,outbound,10,3,0,10,prepaid,Indonesia | Singapore | Thailand,3,No,No,No,64kbps Basic Internet,Regional Hopper,https://www.redonemobile.com.my/en/roaming/
39,redOne,redROAM APAC 3-Day Pass,outbound,30,3,0,9,prepaid,Australia | Bangladesh | Brunei | Cambodia | China | Hong Kong | India | Indonesia | Japan | Laos | Macao | Myanmar | Nepal | New Zealand | Pakistan | Qatar | Philippines | Saudi Arabia | Singapore | South Korea | Sri Lanka | Thailand | Taiwan | Vietnam,24,No,No,No,64kbps Basic Internet,Regional Hopper,https://www.redonemobile.com.my/en/roaming/
40,redOne,redROAM APAC 7-Day Pass,outbound,70,7,0,35,prepaid,Australia | Bangladesh | Brunei | Cambodia | China | Hong Kong | India | Indonesia | Japan | Laos | Macao | Myanmar | Nepal | New Zealand | Pakistan | Qatar | Philippines | Saudi Arabia | Singapore | South Korea | Sri Lanka | Thailand | Taiwan | Vietnam,24,No,No,No,64kbps Basic Internet,Frequent ASEAN Traveller,https://www.redonemobile.com.my/en/roaming/
41,redOne,redROAM Global 7-Day Pass,outbound,50,7,0,21,prepaid,Argentina | Australia | Bangladesh | Belgium | Brazil | Bulgaria | Canada | Chile | China | Costa Rica | Croatia | Denmark | Ecuador | El Salvador | Finland | France | Germany | Greece | Hong Kong | Hungary | Iceland | India | Ireland | Italy | Japan | Luxembourg | Macau | Mexico | Netherlands | New Zealand | Nicaragua | Norway | Peru | Poland | Portugal | Romania | Russia | Serbia | Slovakia | South Korea | Spain | Sri Lanka | Sweden | Switzerland | Taiwan | Turkey | United Kingdom | United States of America | Uruguay,49,No,No,No,64kbps Basic Internet,Global Executive,https://www.redonemobile.com.my/en/roaming/
42,redOne,redROAM Global 14-Day Pass,outbound,70,14,0,70,prepaid,Argentina | Australia | Bangladesh | Belgium | Brazil | Bulgaria | Canada | Chile | China | Costa Rica | Croatia | Denmark | Ecuador | El Salvador | Finland | France | Germany | Greece | Hong Kong | Hungary | Iceland | India | Ireland | Italy | Japan | Luxembourg | Macau | Mexico | Netherlands | New Zealand | Nicaragua | Norway | Peru | Poland | Portugal | Romania | Russia | Serbia | Slovakia | South Korea | Spain | Sri Lanka | Sweden | Switzerland | Taiwan | Turkey | United Kingdom | United States of America | Uruguay,49,No,No,No,64kbps Basic Internet,Global Executive,https://www.redonemobile.com.my/en/roaming/
43,unifi,UNI5G WOW TOURIST LITE,inbound,20,7,15,0,prepaid,Malaysia,1,Enabled,No,No,"Tourist SIM with affordable rate, prepaid top-up for additional data",Inbound Tourist,https://unifi.com.my/mobile/prepaid/tourist
44,unifi,UNI5G WOW TOURIST MAX,inbound,30,15,20,0,prepaid,Malaysia,1,10GB 4G/5G,Yes,No,"Tourist SIM with unlimited local calls, easy activation for visitors",Inbound Tourist,https://unifi.com.my/mobile/prepaid/tourist
45,unifi,UNI5G WOW TOURIST FLEX,inbound,50,15,40,0,prepaid,Malaysia | Singapore | Indonesia | Thailand,4,10GB 4G/5G,Yes,No,Tourist SIM with extra roaming back home covers 4 nearby countries,Inbound Tourist,https://estore.unifi.com.my/eshop/offer-detail/11873
46,unifi,UNI5G Roam Cross-Border Unlimited Daily Pass,outbound,9,1,0,1,postpaid,Brunei| Singapore | Indonesia | Thailand,4,No,No,No,Lowest entry-price daily pass for SG/TH/ID with unlimited data (1GB FUP),Casual Roamer,https://unifi.com.my/mobile/roaming
47,unifi,UNI5G Roam Asean Unlimited Daily Pass,outbound,19,1,0,1,postpaid,Brunei | Singapore | Indonesia | Thailand | Cambodia | Laos | Philippines | Timor-Leste | Vietnam,9,No,No,No,"Unlimited data across all 10 ASEAN countries, single daily price",Regional Hopper,https://unifi.com.my/mobile/roaming
48,unifi,UNI5G Roam Global Unlimited Daily Pass,outbound,39,1,0,0.5,postpaid,Albania | Argentina | Australia | Austria | Bangladesh | Belarus | Belgium | Bosnia | Brazil | Bulgaria | Canada | Chile | China | Costa Rica | Croatia | Czech Republic | Denmark | DR Congo | Ecuador | El Salvador | Finland | France | Germany | Ghana | Greece | Hong Kong | Hungary | Iceland | India | Ireland | Isle of Man (United Kingdom) | Italy | Japan | Jersey (United Kingdom) | Lithuania | Luxembourg | Macau | Mexico | Mongolia | Netherlands | New Zealand | Nicaragua | Norway | Papua New Guinea | Peru | Poland | Portugal | Qatar | Romania | Russia | Serbia | Slovakia | South Africa | South Korea | Spain | Sri Lanka | Sweden | Switzerland | Taiwan | Tanzania | Türkiye | United Arab Emirates | United Kingdom | United States of America | Uruguay | Uzbekistan,66,No,No,No,"Unlimited data in 66 destinations worldwide at single daily price, 5G ready",Global Executive,https://unifi.com.my/mobile/roaming
49,unifi,UNI5G Roam Data Daily Pass,outbound,39,1,0,0.5,postpaid,Albania | Argentina | Australia | Austria | Bangladesh | Belarus | Belgium | Bosnia | Brazil | Bulgaria | Canada | Chile | China | Costa Rica | Croatia | Czech Republic | Denmark | DR Congo | Ecuador | El Salvador | Finland | France | Germany | Ghana | Greece | Hong Kong | Hungary | Iceland | India | Ireland | Isle of Man (United Kingdom) | Italy | Japan | Jersey (United Kingdom) | Lithuania | Luxembourg | Macau | Mexico | Mongolia | Netherlands | New Zealand | Nicaragua | Norway | Papua New Guinea | Peru | Poland | Portugal | Qatar | Romania | Russia | Serbia | Slovakia | South Africa | South Korea | Spain | Sri Lanka | Sweden | Switzerland | Taiwan | Tanzania | Türkiye | United Arab Emirates | United Kingdom | United States of America | Uruguay | Uzbekistan,66,No,No,No,Pay-as-you-go data fallback for non-listed countries,Casual Roamer,https://unifi.com.my/mobile/roaming
50,unifi,UNI5G Roam Asean Unlimited Weekly Pass,outbound,39,7,0,7,prepaid,Brunei | Singapore | Indonesia | Thailand | Cambodia | Laos | Philippines | Timor-Leste | Vietnam,9,No,No,No,"Week-long ASEAN unlimited data pass, shareable across all 10 ASEAN countries",Frequent ASEAN Traveller,https://unifi.com.my/mobile/roaming
51,unifi,UNI5G Roam Global Unlimited Weekly Pass,outbound,69,7,0,3.5,prepaid,Albania | Argentina | Australia | Austria | Bangladesh | Belarus | Belgium | Bosnia | Brazil | Bulgaria | Canada | Chile | China | Costa Rica | Croatia | Czech Republic | Denmark | DR Congo | Ecuador | El Salvador | Finland | France | Germany | Ghana | Greece | Hong Kong | Hungary | Iceland | India | Ireland | Isle of Man (United Kingdom) | Italy | Japan | Jersey (United Kingdom) | Lithuania | Luxembourg | Macau | Mexico | Mongolia | Netherlands | New Zealand | Nicaragua | Norway | Papua New Guinea | Peru | Poland | Portugal | Qatar | Romania | Russia | Serbia | Slovakia | South Africa | South Korea | Spain | Sri Lanka | Sweden | Switzerland | Taiwan | Tanzania | Türkiye | United Arab Emirates | United Kingdom | United States of America | Uruguay | Uzbekistan,66,No,No,No,"Week-long global unlimited data pass covering 66 destinations, 5G ready",Global Executive,https://unifi.com.my/mobile/roaming
52,unifi,UNI5G Roam Middle East 45-Days,outbound,135,45,0,90,prepaid,Oman | Saudi Arabia,2,No,No,No,Hajj/Umrah promo with extended 45-day validity in Oman and Saudi Arabia,Hajj/Umrah Pilgrim,https://unifi.com.my/mobile/roaming
53,unifi,UNI5G Roam Middle East 1-Day,outbound,15,1,0,2,postpaid,Oman | Saudi Arabia,2,No,No,No,"Quick daily option for Middle East trips, ideal for short visits",Hajj/Umrah Pilgrim,https://unifi.com.my/mobile/roaming
54,unifi,UNI5G Roam Middle East 7-Days,outbound,45,7,0,14,prepaid,Oman | Saudi Arabia,2,No,No,No,Mid-duration Hajj/Umrah pass for Oman and Saudi Arabia,Hajj/Umrah Pilgrim,https://unifi.com.my/mobile/roaming
55,unifi,UNI5G Roam Middle East 15-Days,outbound,75,15,0,30,prepaid,Oman | Saudi Arabia,2,No,No,No,Two-week Hajj/Umrah pass with daily 1GB FUP refresh,Hajj/Umrah Pilgrim,https://unifi.com.my/mobile/roaming
56,unifi,UNI5G Roam Middle East 30-Days,outbound,85,30,0,60,prepaid,Oman | Saudi Arabia,2,No,No,No,"Month-long Hajj/Umrah pass with daily 1GB FUP refresh, best value for pilgrims",Hajj/Umrah Pilgrim,https://unifi.com.my/mobile/roaming
57,umobile,5-Day Roaming (SG/IDN/TH),outbound,30,5,0,10,both,Singapore | Indonesia | Thailand,3,No,No,No,"Unlimited data with 2GB high-speed daily refresh, shareable under ULTRA Family 128",Regional Hopper,https://shop.u.com.my/um/?catgIds=Devices&sortVal=15
58,umobile,7-Day Roaming (Multi-Country),outbound,60,7,0,14,both,Australia | Bangladesh | China | Hong Kong | Indonesia | Macau | Singapore | South Korea | Taiwan | Thailand | Japan | Kazakhstan | New Zealand | Russia | Saudi Arabia | Vietnam,16,No,No,No,"Unlimited data in 16 destinations with 2GB high-speed daily, shareable across family lines",Frequent ASEAN Traveller,https://www.u.com.my/en/personal/mobile-plans/roam-travel/roaming#multi-day-roaming-faq
59,umobile,30-Day Roaming (Multi-Country),outbound,115,30,0,60,both,Albania | Austria | Azerbaijan | Belgium | Brunei | Bulgaria | Cambodia | Canada | Croatia | Czech Republic | Denmark | Egypt | France | Finland | Germany | Greece | Hungary | Iceland | India | Ireland | Italy | Japan | Kazakhstan | Laos | Latvia | Lithuania | Luxembourg | Mongolia | Montenegro | Nepal | Netherlands | New Zealand | Oman | Pakistan | Philippines | Poland | Portugal | Romania | Russia | Saudi Arabia | Slovakia | South Africa | Spain | Sri Lanka | Sweden | Switzerland | Timor Leste | Turkey | UAE | UK | Ukraine | USA | Vietnam,53,No,No,No,"Long-stay multi-country pass covering 50+ destinations, shareable under ULTRA Family 128",Global Executive,https://www.u.com.my/en/personal/mobile-plans/roam-travel/roaming#multi-day-roaming-faq
60,umobile,10-Day Roaming (ASEAN),outbound,90,10,0,10,both,Brunei | Cambodia | Indonesia | Laos | Philippines | Singapore | Thailand | Timor-Leste | Vietnam,9,No,No,No,"Unlimited data in 9 ASEAN countries with 1GB high-speed daily refresh, shareable",Frequent ASEAN Traveller,https://www.u.com.my/en/personal/mobile-plans/roam-travel/roaming#multi-day-roaming-faq
61,umobile,24-Hour Roaming RM15,outbound,15,1,0,1,postpaid,Australia | Bangladesh | China | Hong Kong | Indonesia | Macau | Singapore | South Korea | Taiwan | Thailand,10,No,No,No,Shareable for all lines under ULTRA Family 128â€‹,Casual Roamer,https://www.u.com.my/en/personal/mobile-plans/roam-travel/roaming#multi-day-roaming-faq
62,umobile,24-Hour Roaming RM38,outbound,38,1,0,1,postpaid,Albania | Austria | Azerbaijan | Belgium | Brunei | Bulgaria | Cambodia | Canada | Croatia | Czech Republic | Denmark | Egypt | France | Finland | Germany | Greece | Hungary | Iceland | India | Ireland | Italy | Japan | Kazakhstan | Laos | Latvia | Lithuania | Luxembourg | Mongolia | Montenegro | Nepal | Netherlands | New Zealand | Oman | Pakistan | Philippines | Poland | Portugal | Romania | Russia | Saudi Arabia | Slovakia | South Africa | Spain | Sri Lanka | Sweden | Switzerland | Timor Leste | Turkey | UAE | UK | Ukraine | USA | Vietnam,53,No,No,No,Shareable for all lines under ULTRA Family 128â€‹,Casual Roamer,https://www.u.com.my/en/personal/mobile-plans/roam-travel/roaming#multi-day-roaming-faq
63,umobile,ULTRA Family 128,both,128,30,1000,15,postpaid,Albania | Austria | Azerbaijan | Belgium | Brunei | Bulgaria | Cambodia | Canada | Croatia | Czech Republic | Denmark | Egypt | France | Finland | Germany | Greece | Hungary | Iceland | India | Ireland | Italy | Japan | Kazakhstan | Laos | Latvia | Lithuania | Luxembourg | Mongolia | Montenegro | Nepal | Netherlands | New Zealand | Oman | Pakistan | Philippines | Poland | Portugal | Romania | Russia | Saudi Arabia | Slovakia | South Africa | Spain | Sri Lanka | Sweden | Switzerland | Timor Leste | Turkey | UAE | UK | Ukraine | USA | Vietnam,53,Enabled,Unlimited,No,"Shareable for all lines under ULTRA Family 128â€‹ (4-lines), FREE RM50 Touch 'n Go eWallet Credit (Online Exclusive)",Global Executive,https://www.u.com.my/en/personal/support/terms-conditions/postpaid/u-postpaid-roaming
64,umobile,ULTRA Global 98	,both,98,30,1000,15,postpaid,Albania | Austria | Azerbaijan | Belgium | Brunei | Bulgaria | Cambodia | Canada | Croatia | Czech Republic | Denmark | Egypt | France | Finland | Germany | Greece | Hungary | Iceland | India | Ireland | Italy | Japan | Kazakhstan | Laos | Latvia | Lithuania | Luxembourg | Mongolia | Montenegro | Nepal | Netherlands | New Zealand | Oman | Pakistan | Philippines | Poland | Portugal | Romania | Russia | Saudi Arabia | Slovakia | South Africa | Spain | Sri Lanka | Sweden | Switzerland | Timor Leste | Turkey | UAE | UK | Ukraine | USA | Vietnam,53,Enabled,Unlimited,No,FREE RM50 Touch 'n Go eWallet Credit (Online Exclusive),Global Executive,https://www.u.com.my/en/personal/support/terms-conditions/postpaid/u-postpaid-roaming
65,umobile,ULTRA Postpaid 68,both,68,30,1000,500,postpaid,Malaysia | Singapore | Indonesia | Thailand,4,Enabled,Unlimited,No,FREE RM50 Touch 'n Go eWallet Credit (Online Exclusive),Regional Hopper,https://www.u.com.my/en/personal/support/terms-conditions/postpaid/u-postpaid-roaming