record_id,brand,country,region,plan_type,rate_per_min_myr,rate_fixed_per_min_myr,rate_per_sms_myr,country_code,access_code,plan_specific,notes,source_url,scraped_at
1,CelcomDigi,Afghanistan,South Asia,roaming,6.0,7.0,1.0,93,,False,to_other=12.0/min; receiving=6.0/min,https://www.celcomdigi.com/roaming/multi-day-pass#check,2026-05-17T20:12:16
2,CelcomDigi,Albania,Other,roaming,6.0,11.0,1.0,355,,False,to_other=15.0/min; receiving=6.0/min,https://www.celcomdigi.com/roaming/multi-day-pass#check,2026-05-17T20:12:16
3,CelcomDigi,Algeria,Other,roaming,,,,213,,False,,https://www.celcomdigi.com/roaming/multi-day-pass#check,2026-05-17T20:12:16
4,CelcomDigi,Angola,Other,roaming,,,,244,,False,,https://www.celcomdigi.com/roaming/multi-day-pass#check,2026-05-17T20:12:16
5,CelcomDigi,Anguilla,Other,roaming,6.0,11.0,1.0,1264,,False,to_other=15.0/min; receiving=6.0/min,https://www.celcomdigi.com/roaming/multi-day-pass#check,2026-05-17T20:12:16
6,CelcomDigi,Antigua and Barbuda,Other,roaming,6.0,11.0,1.0,1268,,False,to_other=15.0/min; receiving=6.0/min,https://www.celcomdigi.com/roaming/multi-day-pass#check,2026-05-17T20:12:16
7,CelcomDigi,Argentina,South America,roaming,6.0,11.0,1.0,54,,False,to_other=12.0/min; receiving=6.0/min,https://www.celcomdigi.com/roaming/multi-day-pass#check,2026-05-17T20:12:16
8,CelcomDigi,Armenia,Other,roaming,6.0,7.0,1.0,374,,False,to_other=15.0/min; receiving=6.0/min,https://www.celcomdigi.com/roaming/multi-day-pass#check,2026-05-17T20:12:16
9,CelcomDigi,Aruba,Other,roaming,6.0,11.0,1.0,297,,False,to_other=15.0/min; receiving=6.0/min,https://www.celcomdigi.com/roaming/multi-day-pass#check,2026-05-17T20:12:16
10,CelcomDigi,Australia,Oceania,roaming,6.0,7.0,1.0,61,,False,to_other=8.0/min; receiving=6.0/min,https://www.celcomdigi.com/roaming/multi-day-pass#check,2026-05-17T20:12:16
11,CelcomDigi,Austria,Europe,roaming,6.0,11.0,1.0,43,,False,to_other=12.0/min; receiving=6.0/min,https://www.celcomdigi.com/roaming/multi-day-pass#check,2026-05-17T20:12:16
12,CelcomDigi,Azerbaijan,Other,roaming,6.0,7.0,1.0,994,,False,to_other=15.0/min; receiving=6.0/min,https://www.celcomdigi.com/roaming/multi-day-pass#check,2026-05-17T20:12:16
13,CelcomDigi,Bahamas,Other,roaming,,,,1242,,False,,https://www.celcomdigi.com/roaming/multi-day-pass#check,2026-05-17T20:12:16
14,CelcomDigi,Bahrain,Middle East,roaming,6.0,11.0,1.0,973,,False,to_other=15.0/min; receiving=6.0/min,https://www.celcomdigi.com/roaming/multi-day-pass#check,2026-05-17T20:12:16
15,CelcomDigi,Bangladesh,South Asia,roaming,6.0,7.0,1.0,880,,False,to_other=12.0/min; receiving=6.0/min,https://www.celcomdigi.com/roaming/multi-day-pass#check,2026-05-17T20:12:16
16,CelcomDigi,Barbados,Other,roaming,6.0,11.0,1.0,1246,,False,to_other=15.0/min; receiving=6.0/min,https://www.celcomdigi.com/roaming/multi-day-pass#check,2026-05-17T20:12:16
17,CelcomDigi,Belarus,Other,roaming,6.0,11.0,1.0,375,,False,to_other=15.0/min; receiving=6.0/min,https://www.celcomdigi.com/roaming/multi-day-pass#check,2026-05-17T20:12:16
18,CelcomDigi,Belgium,Europe,roaming,6.0,11.0,1.0,32,,False,to_other=12.0/min; receiving=6.0/min,https://www.celcomdigi.com/roaming/multi-day-pass#check,2026-05-17T20:12:16
19,CelcomDigi,Benin,Other,roaming,,,,229,,False,,https://www.celcomdigi.com/roaming/multi-day-pass#check,2026-05-17T20:12:16
20,CelcomDigi,Bermuda & West Indies,Other,roaming,6.0,11.0,1.0,1441,,False,to_other=15.0/min; receiving=6.0/min,https://www.celcomdigi.com/roaming/multi-day-pass#check,2026-05-17T20:12:16
21,CelcomDigi,Bhutan,Other,roaming,6.0,7.0,1.0,975,,False,to_other=12.0/min; receiving=6.0/min,https://www.celcomdigi.com/roaming/multi-day-pass#check,2026-05-17T20:12:16
22,CelcomDigi,Bolivia,Other,roaming,,,,591,,False,,https://www.celcomdigi.com/roaming/multi-day-pass#check,2026-05-17T20:12:16
23,CelcomDigi,Bonaire and Saint Eustatius,Other,roaming,6.0,11.0,1.0,599,,False,to_other=15.0/min; receiving=6.0/min,https://www.celcomdigi.com/roaming/multi-day-pass#check,2026-05-17T20:12:16
24,CelcomDigi,Bosnia and Herzegovina,Other,roaming,6.0,11.0,1.0,387,,False,to_other=15.0/min; receiving=6.0/min,https://www.celcomdigi.com/roaming/multi-day-pass#check,2026-05-17T20:12:16
25,CelcomDigi,Botswana,Other,roaming,,,,267,,False,,https://www.celcomdigi.com/roaming/multi-day-pass#check,2026-05-17T20:12:16
26,CelcomDigi,Brazil,South America,roaming,6.0,11.0,1.0,55,,False,to_other=15.0/min; receiving=6.0/min,https://www.celcomdigi.com/roaming/multi-day-pass#check,2026-05-17T20:12:16
27,CelcomDigi,British Virgin Islands,Other,roaming,6.0,11.0,1.0,1284,,False,to_other=15.0/min; receiving=6.0/min,https://www.celcomdigi.com/roaming/multi-day-pass#check,2026-05-17T20:12:16
28,CelcomDigi,Brunei Darussalam,Southeast Asia,roaming,6.0,7.0,1.0,673,,False,to_other=8.0/min; receiving=6.0/min,https://www.celcomdigi.com/roaming/multi-day-pass#check,2026-05-17T20:12:16
29,CelcomDigi,Bulgaria,Other,roaming,6.0,11.0,1.0,359,,False,to_other=15.0/min; receiving=6.0/min,https://www.celcomdigi.com/roaming/multi-day-pass#check,2026-05-17T20:12:16
30,CelcomDigi,Burkina Faso,Other,roaming,,,,226,,False,,https://www.celcomdigi.com/roaming/multi-day-pass#check,2026-05-17T20:12:16
31,CelcomDigi,Burundi,Other,roaming,,,,257,,False,,https://www.celcomdigi.com/roaming/multi-day-pass#check,2026-05-17T20:12:16
32,CelcomDigi,Cambodia,Southeast Asia,roaming,6.0,7.0,1.0,855,,False,to_other=12.0/min; receiving=6.0/min,https://www.celcomdigi.com/roaming/multi-day-pass#check,2026-05-17T20:12:16
33,CelcomDigi,Cameroon,Other,roaming,,,,237,,False,,https://www.celcomdigi.com/roaming/multi-day-pass#check,2026-05-17T20:12:16
34,CelcomDigi,Canada,North America,roaming,6.0,11.0,1.0,1,,False,to_other=12.0/min; receiving=6.0/min,https://www.celcomdigi.com/roaming/multi-day-pass#check,2026-05-17T20:12:16
35,CelcomDigi,Cape Verde,Other,roaming,,,,238,,False,,https://www.celcomdigi.com/roaming/multi-day-pass#check,2026-05-17T20:12:16
36,CelcomDigi,Cayman Islands,Other,roaming,6.0,11.0,1.0,1345,,False,to_other=15.0/min; receiving=6.0/min,https://www.celcomdigi.com/roaming/multi-day-pass#check,2026-05-17T20:12:16
37,CelcomDigi,Chad,Other,roaming,,,,235,,False,,https://www.celcomdigi.com/roaming/multi-day-pass#check,2026-05-17T20:12:16
38,CelcomDigi,Chile,South America,roaming,6.0,11.0,1.0,56,,False,to_other=12.0/min; receiving=6.0/min,https://www.celcomdigi.com/roaming/multi-day-pass#check,2026-05-17T20:12:16
39,CelcomDigi,China,East Asia,roaming,6.0,7.0,1.0,86,,False,to_other=12.0/min; receiving=6.0/min,https://www.celcomdigi.com/roaming/multi-day-pass#check,2026-05-17T20:12:16
40,CelcomDigi,Colombia,Other,roaming,6.0,11.0,1.0,57,,False,to_other=12.0/min; receiving=6.0/min,https://www.celcomdigi.com/roaming/multi-day-pass#check,2026-05-17T20:12:16
41,CelcomDigi,Congo,Other,roaming,6.0,11.0,1.0,243,,False,to_other=15.0/min; receiving=6.0/min,https://www.celcomdigi.com/roaming/multi-day-pass#check,2026-05-17T20:12:16
42,CelcomDigi,Costa Rica,Other,roaming,6.0,11.0,1.0,506,,False,to_other=12.0/min; receiving=6.0/min,https://www.celcomdigi.com/roaming/multi-day-pass#check,2026-05-17T20:12:16
43,CelcomDigi,Croatia,Other,roaming,6.0,11.0,1.0,385,,False,to_other=15.0/min; receiving=6.0/min,https://www.celcomdigi.com/roaming/multi-day-pass#check,2026-05-17T20:12:16
44,CelcomDigi,Cuba,Other,roaming,,,,53,,False,,https://www.celcomdigi.com/roaming/multi-day-pass#check,2026-05-17T20:12:16
45,CelcomDigi,Curacao,Other,roaming,6.0,11.0,1.0,599,,False,to_other=10.0/min; receiving=6.0/min,https://www.celcomdigi.com/roaming/multi-day-pass#check,2026-05-17T20:12:16
46,CelcomDigi,Cyprus,Other,roaming,6.0,11.0,1.0,357,,False,to_other=15.0/min; receiving=6.0/min,https://www.celcomdigi.com/roaming/multi-day-pass#check,2026-05-17T20:12:16
47,CelcomDigi,Czech Republic,Other,roaming,6.0,11.0,1.0,420,,False,to_other=15.0/min; receiving=6.0/min,https://www.celcomdigi.com/roaming/multi-day-pass#check,2026-05-17T20:12:16
48,CelcomDigi,Denmark,Europe,roaming,6.0,11.0,1.0,45,,False,to_other=12.0/min; receiving=6.0/min,https://www.celcomdigi.com/roaming/multi-day-pass#check,2026-05-17T20:12:16
49,CelcomDigi,Djibouti,Other,roaming,,,,253,,False,,https://www.celcomdigi.com/roaming/multi-day-pass#check,2026-05-17T20:12:16
50,CelcomDigi,Domincan Republic,Other,roaming,6.0,11.0,1.0,1809,,False,to_other=16.0/min; receiving=6.0/min,https://www.celcomdigi.com/roaming/multi-day-pass#check,2026-05-17T20:12:16
51,CelcomDigi,Dominica,Other,roaming,6.0,11.0,1.0,1767,,False,to_other=15.0/min; receiving=6.0/min,https://www.celcomdigi.com/roaming/multi-day-pass#check,2026-05-17T20:12:16
52,CelcomDigi,Ecuador,Other,roaming,6.0,11.0,1.0,593,,False,to_other=12.0/min; receiving=6.0/min,https://www.celcomdigi.com/roaming/multi-day-pass#check,2026-05-17T20:12:16
53,CelcomDigi,Egypt,Middle East,roaming,6.0,11.0,1.0,20,,False,to_other=15.0/min; receiving=6.0/min,https://www.celcomdigi.com/roaming/multi-day-pass#check,2026-05-17T20:12:16
54,CelcomDigi,El Salvador,Other,roaming,6.0,11.0,1.0,503,,False,to_other=12.0/min; receiving=6.0/min,https://www.celcomdigi.com/roaming/multi-day-pass#check,2026-05-17T20:12:16
55,CelcomDigi,Estonia,Other,roaming,6.0,11.0,1.0,372,,False,to_other=12.0/min; receiving=6.0/min,https://www.celcomdigi.com/roaming/multi-day-pass#check,2026-05-17T20:12:16
56,CelcomDigi,Ethiopia,Other,roaming,,,,251,,False,,https://www.celcomdigi.com/roaming/multi-day-pass#check,2026-05-17T20:12:16
57,CelcomDigi,Faroe Islands,Other,roaming,6.0,11.0,1.0,298,,False,to_other=12.0/min; receiving=6.0/min,https://www.celcomdigi.com/roaming/multi-day-pass#check,2026-05-17T20:12:16
58,CelcomDigi,Fiji,Oceania,roaming,6.0,7.0,1.0,679,,False,to_other=12.0/min; receiving=6.0/min,https://www.celcomdigi.com/roaming/multi-day-pass#check,2026-05-17T20:12:16
59,CelcomDigi,Finland,Europe,roaming,6.0,11.0,1.0,358,,False,to_other=12.0/min; receiving=6.0/min,https://www.celcomdigi.com/roaming/multi-day-pass#check,2026-05-17T20:12:16
60,CelcomDigi,France,Europe,roaming,6.0,11.0,1.0,33,,False,to_other=15.0/min; receiving=6.0/min,https://www.celcomdigi.com/roaming/multi-day-pass#check,2026-05-17T20:12:16
61,CelcomDigi,French Polynesia,Other,roaming,,,,689,,False,,https://www.celcomdigi.com/roaming/multi-day-pass#check,2026-05-17T20:12:16
62,CelcomDigi,Gabon,Other,roaming,,,,241,,False,,https://www.celcomdigi.com/roaming/multi-day-pass#check,2026-05-17T20:12:16
63,CelcomDigi,Gambia,Other,roaming,6.0,11.0,1.0,220,,False,to_other=15.0/min; receiving=6.0/min,https://www.celcomdigi.com/roaming/multi-day-pass#check,2026-05-17T20:12:16
64,CelcomDigi,Georgia,Other,roaming,6.0,7.0,1.0,995,,False,to_other=15.0/min; receiving=6.0/min,https://www.celcomdigi.com/roaming/multi-day-pass#check,2026-05-17T20:12:16
65,CelcomDigi,Germany,Europe,roaming,6.0,11.0,1.0,49,,False,to_other=12.0/min; receiving=6.0/min,https://www.celcomdigi.com/roaming/multi-day-pass#check,2026-05-17T20:12:16
66,CelcomDigi,Ghana,Other,roaming,6.0,11.0,1.0,233,,False,to_other=15.0/min; receiving=6.0/min,https://www.celcomdigi.com/roaming/multi-day-pass#check,2026-05-17T20:12:16
67,CelcomDigi,Gibraltar,Other,roaming,,,,350,,False,,https://www.celcomdigi.com/roaming/multi-day-pass#check,2026-05-17T20:12:16
68,CelcomDigi,Greece,Europe,roaming,6.0,11.0,1.0,30,,False,to_other=15.0/min; receiving=6.0/min,https://www.celcomdigi.com/roaming/multi-day-pass#check,2026-05-17T20:12:16
69,CelcomDigi,Grenada,Other,roaming,6.0,11.0,1.0,1473,,False,to_other=15.0/min; receiving=6.0/min,https://www.celcomdigi.com/roaming/multi-day-pass#check,2026-05-17T20:12:16
70,CelcomDigi,Guam,Other,roaming,,,,1671,,False,,https://www.celcomdigi.com/roaming/multi-day-pass#check,2026-05-17T20:12:16
71,CelcomDigi,Guatemala,Other,roaming,6.0,11.0,1.0,502,,False,to_other=12.0/min; receiving=6.0/min,https://www.celcomdigi.com/roaming/multi-day-pass#check,2026-05-17T20:12:16
72,CelcomDigi,Guernsey,Other,roaming,,,,44,,False,,https://www.celcomdigi.com/roaming/multi-day-pass#check,2026-05-17T20:12:16
73,CelcomDigi,Guinea,Other,roaming,,,,224,,False,,https://www.celcomdigi.com/roaming/multi-day-pass#check,2026-05-17T20:12:16
74,CelcomDigi,Guyana,Other,roaming,6.0,11.0,1.0,592,,False,to_other=12.0/min; receiving=6.0/min,https://www.celcomdigi.com/roaming/multi-day-pass#check,2026-05-17T20:12:16
75,CelcomDigi,Haiti,Other,roaming,6.0,11.0,1.0,509,,False,to_other=15.0/min; receiving=6.0/min,https://www.celcomdigi.com/roaming/multi-day-pass#check,2026-05-17T20:12:16
76,CelcomDigi,Honduras,Other,roaming,6.0,11.0,1.0,504,,False,to_other=12.0/min; receiving=6.0/min,https://www.celcomdigi.com/roaming/multi-day-pass#check,2026-05-17T20:12:16
77,CelcomDigi,Hong Kong,East Asia,roaming,6.0,7.0,1.0,852,,False,to_other=8.0/min; receiving=6.0/min,https://www.celcomdigi.com/roaming/multi-day-pass#check,2026-05-17T20:12:16
78,CelcomDigi,Hungary,Other,roaming,6.0,11.0,1.0,36,,False,to_other=15.0/min; receiving=6.0/min,https://www.celcomdigi.com/roaming/multi-day-pass#check,2026-05-17T20:12:16
79,CelcomDigi,Iceland,Europe,roaming,6.0,11.0,1.0,354,,False,to_other=12.0/min; receiving=6.0/min,https://www.celcomdigi.com/roaming/multi-day-pass#check,2026-05-17T20:12:16
80,CelcomDigi,India,South Asia,roaming,6.0,7.0,1.0,91,,False,to_other=10.0/min; receiving=6.0/min,https://www.celcomdigi.com/roaming/multi-day-pass#check,2026-05-17T20:12:16
81,CelcomDigi,Indonesia,Southeast Asia,roaming,6.0,7.0,1.0,62,,False,to_other=12.0/min; receiving=6.0/min,https://www.celcomdigi.com/roaming/multi-day-pass#check,2026-05-17T20:12:16
82,CelcomDigi,Iran,Middle East,roaming,6.0,11.0,1.0,98,,False,to_other=15.0/min; receiving=6.0/min,https://www.celcomdigi.com/roaming/multi-day-pass#check,2026-05-17T20:12:16
83,CelcomDigi,Iraq,Middle East,roaming,6.0,11.0,1.0,964,,False,to_other=15.0/min; receiving=6.0/min,https://www.celcomdigi.com/roaming/multi-day-pass#check,2026-05-17T20:12:16
84,CelcomDigi,Ireland,Europe,roaming,6.0,11.0,1.0,353,,False,to_other=12.0/min; receiving=6.0/min,https://www.celcomdigi.com/roaming/multi-day-pass#check,2026-05-17T20:12:16
85,CelcomDigi,Isle Of Man,Other,roaming,6.0,11.0,1.0,44,,False,to_other=10.0/min; receiving=6.0/min,https://www.celcomdigi.com/roaming/multi-day-pass#check,2026-05-17T20:12:16
86,CelcomDigi,Italy,Europe,roaming,6.0,11.0,1.0,39,,False,to_other=16.0/min; receiving=6.0/min,https://www.celcomdigi.com/roaming/multi-day-pass#check,2026-05-17T20:12:16
87,CelcomDigi,Ivory Coast,Other,roaming,,,,225,,False,,https://www.celcomdigi.com/roaming/multi-day-pass#check,2026-05-17T20:12:16
88,CelcomDigi,Jamaica,Other,roaming,6.0,11.0,1.0,1876,,False,to_other=15.0/min; receiving=6.0/min,https://www.celcomdigi.com/roaming/multi-day-pass#check,2026-05-17T20:12:16
89,CelcomDigi,Japan,East Asia,roaming,6.0,7.0,1.0,81,,False,to_other=10.0/min; receiving=6.0/min,https://www.celcomdigi.com/roaming/multi-day-pass#check,2026-05-17T20:12:16
90,CelcomDigi,Jersey,Other,roaming,6.0,11.0,1.0,44,,False,to_other=10.0/min; receiving=6.0/min,https://www.celcomdigi.com/roaming/multi-day-pass#check,2026-05-17T20:12:16
91,CelcomDigi,Jordan,Middle East,roaming,6.0,11.0,1.0,962,,False,to_other=15.0/min; receiving=6.0/min,https://www.celcomdigi.com/roaming/multi-day-pass#check,2026-05-17T20:12:16
92,CelcomDigi,Kazakhstan,Other,roaming,6.0,7.0,1.0,7,,False,to_other=15.0/min; receiving=6.0/min,https://www.celcomdigi.com/roaming/multi-day-pass#check,2026-05-17T20:12:16
93,CelcomDigi,Kenya,Other,roaming,6.0,11.0,1.0,254,,False,to_other=15.0/min; receiving=6.0/min,https://www.celcomdigi.com/roaming/multi-day-pass#check,2026-05-17T20:12:16
94,CelcomDigi,Kuwait,Middle East,roaming,6.0,11.0,1.0,965,,False,to_other=15.0/min; receiving=6.0/min,https://www.celcomdigi.com/roaming/multi-day-pass#check,2026-05-17T20:12:16
95,CelcomDigi,Kyrgyzstan,Other,roaming,6.0,7.0,1.0,996,,False,to_other=15.0/min; receiving=6.0/min,https://www.celcomdigi.com/roaming/multi-day-pass#check,2026-05-17T20:12:16
96,CelcomDigi,Laos,Southeast Asia,roaming,6.0,7.0,1.0,856,,False,to_other=12.0/min; receiving=6.0/min,https://www.celcomdigi.com/roaming/multi-day-pass#check,2026-05-17T20:12:16
97,CelcomDigi,Latvia,Other,roaming,6.0,11.0,1.0,371,,False,to_other=12.0/min; receiving=6.0/min,https://www.celcomdigi.com/roaming/multi-day-pass#check,2026-05-17T20:12:16
98,CelcomDigi,Lebanon,Other,roaming,6.0,11.0,1.0,961,,False,to_other=15.0/min; receiving=6.0/min,https://www.celcomdigi.com/roaming/multi-day-pass#check,2026-05-17T20:12:16
99,CelcomDigi,Lesotho,Other,roaming,,,,266,,False,,https://www.celcomdigi.com/roaming/multi-day-pass#check,2026-05-17T20:12:16
100,CelcomDigi,Liberia,Other,roaming,,,,231,,False,,https://www.celcomdigi.com/roaming/multi-day-pass#check,2026-05-17T20:12:16
101,CelcomDigi,Libya,Other,roaming,,,,218,,False,,https://www.celcomdigi.com/roaming/multi-day-pass#check,2026-05-17T20:12:16
102,CelcomDigi,Liechtenstein,Other,roaming,6.0,11.0,1.0,423,,False,to_other=12.0/min; receiving=6.0/min,https://www.celcomdigi.com/roaming/multi-day-pass#check,2026-05-17T20:12:16
103,CelcomDigi,Lithuania,Other,roaming,6.0,11.0,1.0,370,,False,to_other=12.0/min; receiving=6.0/min,https://www.celcomdigi.com/roaming/multi-day-pass#check,2026-05-17T20:12:16
104,CelcomDigi,Luxembourg,Other,roaming,6.0,11.0,1.0,352,,False,to_other=12.0/min; receiving=6.0/min,https://www.celcomdigi.com/roaming/multi-day-pass#check,2026-05-17T20:12:16
105,CelcomDigi,Macau,East Asia,roaming,6.0,7.0,1.0,853,,False,to_other=8.0/min; receiving=6.0/min,https://www.celcomdigi.com/roaming/multi-day-pass#check,2026-05-17T20:12:16
106,CelcomDigi,Macedonia,Other,roaming,6.0,11.0,1.0,389,,False,to_other=15.0/min; receiving=6.0/min,https://www.celcomdigi.com/roaming/multi-day-pass#check,2026-05-17T20:12:16
107,CelcomDigi,Madagascar,Other,roaming,6.0,11.0,1.0,261,,False,to_other=15.0/min; receiving=6.0/min,https://www.celcomdigi.com/roaming/multi-day-pass#check,2026-05-17T20:12:16
108,CelcomDigi,Malawi,Other,roaming,,,,265,,False,,https://www.celcomdigi.com/roaming/multi-day-pass#check,2026-05-17T20:12:16
109,CelcomDigi,Maldives,Other,roaming,6.0,7.0,1.0,960,,False,to_other=12.0/min; receiving=6.0/min,https://www.celcomdigi.com/roaming/multi-day-pass#check,2026-05-17T20:12:16
110,CelcomDigi,Mali,Other,roaming,,,,223,,False,,https://www.celcomdigi.com/roaming/multi-day-pass#check,2026-05-17T20:12:16
111,CelcomDigi,Malta,Other,roaming,6.0,11.0,1.0,356,,False,to_other=15.0/min; receiving=6.0/min,https://www.celcomdigi.com/roaming/multi-day-pass#check,2026-05-17T20:12:16
112,CelcomDigi,Mauritania,Other,roaming,,,,222,,False,,https://www.celcomdigi.com/roaming/multi-day-pass#check,2026-05-17T20:12:16
113,CelcomDigi,Mauritius,Other,roaming,6.0,11.0,1.0,230,,False,to_other=15.0/min; receiving=6.0/min,https://www.celcomdigi.com/roaming/multi-day-pass#check,2026-05-17T20:12:16
114,CelcomDigi,Mexico,North America,roaming,6.0,11.0,1.0,52,,False,to_other=12.0/min; receiving=6.0/min,https://www.celcomdigi.com/roaming/multi-day-pass#check,2026-05-17T20:12:16
115,CelcomDigi,Moldova,Other,roaming,6.0,11.0,1.0,373,,False,to_other=15.0/min; receiving=6.0/min,https://www.celcomdigi.com/roaming/multi-day-pass#check,2026-05-17T20:12:16
116,CelcomDigi,Monaco,Other,roaming,,,,377,,False,,https://www.celcomdigi.com/roaming/multi-day-pass#check,2026-05-17T20:12:16
117,CelcomDigi,Mongolia,Other,roaming,6.0,7.0,1.0,976,,False,to_other=15.0/min; receiving=6.0/min,https://www.celcomdigi.com/roaming/multi-day-pass#check,2026-05-17T20:12:16
118,CelcomDigi,Montenegro,Other,roaming,6.0,11.0,1.0,382,,False,to_other=15.0/min; receiving=6.0/min,https://www.celcomdigi.com/roaming/multi-day-pass#check,2026-05-17T20:12:16
119,CelcomDigi,Montserrat,Other,roaming,6.0,11.0,1.0,1664,,False,to_other=15.0/min; receiving=6.0/min,https://www.celcomdigi.com/roaming/multi-day-pass#check,2026-05-17T20:12:16
120,CelcomDigi,Morocco,Africa,roaming,6.0,11.0,1.0,212,,False,to_other=15.0/min; receiving=6.0/min,https://www.celcomdigi.com/roaming/multi-day-pass#check,2026-05-17T20:12:16
121,CelcomDigi,Mozambique,Other,roaming,6.0,11.0,1.0,258,,False,to_other=15.0/min; receiving=6.0/min,https://www.celcomdigi.com/roaming/multi-day-pass#check,2026-05-17T20:12:16
122,CelcomDigi,Myanmar,Southeast Asia,roaming,6.0,7.0,1.0,95,,False,to_other=12.0/min; receiving=6.0/min,https://www.celcomdigi.com/roaming/multi-day-pass#check,2026-05-17T20:12:16
123,CelcomDigi,Namibia,Other,roaming,,,,264,,False,,https://www.celcomdigi.com/roaming/multi-day-pass#check,2026-05-17T20:12:16
124,CelcomDigi,Nauru,Other,roaming,6.0,7.0,1.0,674,,False,to_other=12.0/min; receiving=6.0/min,https://www.celcomdigi.com/roaming/multi-day-pass#check,2026-05-17T20:12:16
125,CelcomDigi,Nepal,South Asia,roaming,6.0,7.0,1.0,977,,False,to_other=12.0/min; receiving=6.0/min,https://www.celcomdigi.com/roaming/multi-day-pass#check,2026-05-17T20:12:16
126,CelcomDigi,Netherlands,Europe,roaming,6.0,11.0,1.0,31,,False,to_other=12.0/min; receiving=6.0/min,https://www.celcomdigi.com/roaming/multi-day-pass#check,2026-05-17T20:12:16
127,CelcomDigi,New Zealand,Oceania,roaming,6.0,7.0,1.0,64,,False,to_other=12.0/min; receiving=6.0/min,https://www.celcomdigi.com/roaming/multi-day-pass#check,2026-05-17T20:12:16
128,CelcomDigi,Nicaragua,Other,roaming,,,,505,,False,,https://www.celcomdigi.com/roaming/multi-day-pass#check,2026-05-17T20:12:16
129,CelcomDigi,Nigeria,Other,roaming,6.0,11.0,1.0,234,,False,to_other=15.0/min; receiving=6.0/min,https://www.celcomdigi.com/roaming/multi-day-pass#check,2026-05-17T20:12:16
130,CelcomDigi,Norway,Europe,roaming,6.0,11.0,1.0,47,,False,to_other=12.0/min; receiving=6.0/min,https://www.celcomdigi.com/roaming/multi-day-pass#check,2026-05-17T20:12:16
131,CelcomDigi,Oman,Middle East,roaming,6.0,11.0,1.0,968,,False,to_other=15.0/min; receiving=6.0/min,https://www.celcomdigi.com/roaming/multi-day-pass#check,2026-05-17T20:12:16
132,CelcomDigi,Pakistan,South Asia,roaming,6.0,7.0,1.0,92,,False,to_other=12.0/min; receiving=6.0/min,https://www.celcomdigi.com/roaming/multi-day-pass#check,2026-05-17T20:12:16
133,CelcomDigi,Palestine,Other,roaming,6.0,11.0,1.0,970,,False,to_other=15.0/min; receiving=6.0/min,https://www.celcomdigi.com/roaming/multi-day-pass#check,2026-05-17T20:12:16
134,CelcomDigi,Panama,Other,roaming,6.0,11.0,1.0,507,,False,to_other=12.0/min; receiving=6.0/min,https://www.celcomdigi.com/roaming/multi-day-pass#check,2026-05-17T20:12:16
135,CelcomDigi,Papua New Guinea,Other,roaming,6.0,7.0,1.0,675,,False,to_other=12.0/min; receiving=6.0/min,https://www.celcomdigi.com/roaming/multi-day-pass#check,2026-05-17T20:12:16
136,CelcomDigi,Paraguay,Other,roaming,,,,595,,False,,https://www.celcomdigi.com/roaming/multi-day-pass#check,2026-05-17T20:12:16
137,CelcomDigi,Peru,Other,roaming,6.0,11.0,1.0,51,,False,to_other=12.0/min; receiving=6.0/min,https://www.celcomdigi.com/roaming/multi-day-pass#check,2026-05-17T20:12:16
138,CelcomDigi,Philippines,Southeast Asia,roaming,6.0,7.0,1.0,63,,False,to_other=10.0/min; receiving=6.0/min,https://www.celcomdigi.com/roaming/multi-day-pass#check,2026-05-17T20:12:16
139,CelcomDigi,Poland,Europe,roaming,6.0,11.0,1.0,48,,False,to_other=15.0/min; receiving=6.0/min,https://www.celcomdigi.com/roaming/multi-day-pass#check,2026-05-17T20:12:16
140,CelcomDigi,Portugal,Europe,roaming,6.0,11.0,1.0,351,,False,to_other=15.0/min; receiving=6.0/min,https://www.celcomdigi.com/roaming/multi-day-pass#check,2026-05-17T20:12:16
141,CelcomDigi,Puerto Rico,Other,roaming,6.0,11.0,1.0,1939,,False,to_other=15.0/min; receiving=6.0/min,https://www.celcomdigi.com/roaming/multi-day-pass#check,2026-05-17T20:12:16
142,CelcomDigi,Qatar,Middle East,roaming,6.0,11.0,1.0,974,,False,to_other=15.0/min; receiving=6.0/min,https://www.celcomdigi.com/roaming/multi-day-pass#check,2026-05-17T20:12:16
143,CelcomDigi,Romania,Middle East,roaming,6.0,11.0,1.0,40,,False,to_other=15.0/min; receiving=6.0/min,https://www.celcomdigi.com/roaming/multi-day-pass#check,2026-05-17T20:12:16
144,CelcomDigi,Russia,Europe,roaming,6.0,7.0,1.0,7,,False,to_other=16.0/min; receiving=6.0/min,https://www.celcomdigi.com/roaming/multi-day-pass#check,2026-05-17T20:12:16
145,CelcomDigi,Rwanda,Other,roaming,,,,250,,False,,https://www.celcomdigi.com/roaming/multi-day-pass#check,2026-05-17T20:12:16
146,CelcomDigi,Samoa,Other,roaming,6.0,7.0,1.0,685,,False,to_other=15.0/min; receiving=6.0/min,https://www.celcomdigi.com/roaming/multi-day-pass#check,2026-05-17T20:12:16
147,CelcomDigi,San Marino,Other,roaming,6.0,11.0,1.0,378,,False,to_other=16.0/min; receiving=6.0/min,https://www.celcomdigi.com/roaming/multi-day-pass#check,2026-05-17T20:12:16
148,CelcomDigi,Saudi Arabia,Middle East,roaming,6.0,11.0,1.0,966,,False,to_other=15.0/min; receiving=6.0/min,https://www.celcomdigi.com/roaming/multi-day-pass#check,2026-05-17T20:12:16
149,CelcomDigi,Senegal,Other,roaming,,,,221,,False,,https://www.celcomdigi.com/roaming/multi-day-pass#check,2026-05-17T20:12:16
150,CelcomDigi,Serbia,Other,roaming,6.0,11.0,1.0,381,,False,to_other=15.0/min; receiving=6.0/min,https://www.celcomdigi.com/roaming/multi-day-pass#check,2026-05-17T20:12:16
151,CelcomDigi,Seychelles,Other,roaming,,,,248,,False,,https://www.celcomdigi.com/roaming/multi-day-pass#check,2026-05-17T20:12:16
152,CelcomDigi,Sierra Leone,Other,roaming,,,,232,,False,,https://www.celcomdigi.com/roaming/multi-day-pass#check,2026-05-17T20:12:16
153,CelcomDigi,Singapore,Southeast Asia,roaming,3.0,3.5,0.5,65,,False,to_other=8.0/min; receiving=2.0/min,https://www.celcomdigi.com/roaming/multi-day-pass#check,2026-05-17T20:12:16
154,CelcomDigi,Slovak Republic,Other,roaming,6.0,11.0,1.0,421,,False,to_other=15.0/min; receiving=6.0/min,https://www.celcomdigi.com/roaming/multi-day-pass#check,2026-05-17T20:12:16
155,CelcomDigi,Slovenia,Other,roaming,6.0,11.0,1.0,386,,False,to_other=15.0/min; receiving=6.0/min,https://www.celcomdigi.com/roaming/multi-day-pass#check,2026-05-17T20:12:16
156,CelcomDigi,Solomon Islands,Other,roaming,,,,677,,False,,https://www.celcomdigi.com/roaming/multi-day-pass#check,2026-05-17T20:12:16
157,CelcomDigi,South Africa,Other,roaming,6.0,11.0,1.0,27,,False,to_other=15.0/min; receiving=6.0/min,https://www.celcomdigi.com/roaming/multi-day-pass#check,2026-05-17T20:12:16
158,CelcomDigi,South Korea,East Asia,roaming,6.0,7.0,1.0,82,,False,to_other=10.0/min; receiving=6.0/min,https://www.celcomdigi.com/roaming/multi-day-pass#check,2026-05-17T20:12:16
159,CelcomDigi,South Sudan,Other,roaming,,,,211,,False,,https://www.celcomdigi.com/roaming/multi-day-pass#check,2026-05-17T20:12:16
160,CelcomDigi,Spain,Europe,roaming,6.0,11.0,1.0,34,,False,to_other=15.0/min; receiving=6.0/min,https://www.celcomdigi.com/roaming/multi-day-pass#check,2026-05-17T20:12:16
161,CelcomDigi,Sri Lanka,South Asia,roaming,6.0,7.0,1.0,94,,False,to_other=15.0/min; receiving=6.0/min,https://www.celcomdigi.com/roaming/multi-day-pass#check,2026-05-17T20:12:16
162,CelcomDigi,St. Kitts and Nevis,Other,roaming,6.0,11.0,1.0,1869,,False,to_other=15.0/min; receiving=6.0/min,https://www.celcomdigi.com/roaming/multi-day-pass#check,2026-05-17T20:12:16
163,CelcomDigi,St. Lucia,Other,roaming,6.0,11.0,1.0,1758,,False,to_other=15.0/min; receiving=6.0/min,https://www.celcomdigi.com/roaming/multi-day-pass#check,2026-05-17T20:12:16
164,CelcomDigi,St. Vincent and The Grenadines,Other,roaming,6.0,11.0,1.0,1784,,False,to_other=15.0/min; receiving=6.0/min,https://www.celcomdigi.com/roaming/multi-day-pass#check,2026-05-17T20:12:16
165,CelcomDigi,Sudan,Other,roaming,6.0,11.0,1.0,249,,False,to_other=15.0/min; receiving=6.0/min,https://www.celcomdigi.com/roaming/multi-day-pass#check,2026-05-17T20:12:16
166,CelcomDigi,Suriname,Other,roaming,6.0,11.0,1.0,597,,False,to_other=16.0/min; receiving=6.0/min,https://www.celcomdigi.com/roaming/multi-day-pass#check,2026-05-17T20:12:16
167,CelcomDigi,Sweden,Europe,roaming,6.0,7.0,1.0,46,,False,to_other=12.0/min; receiving=6.0/min,https://www.celcomdigi.com/roaming/multi-day-pass#check,2026-05-17T20:12:16
168,CelcomDigi,Switzerland,Europe,roaming,6.0,11.0,1.0,41,,False,to_other=12.0/min; receiving=6.0/min,https://www.celcomdigi.com/roaming/multi-day-pass#check,2026-05-17T20:12:16
169,CelcomDigi,Taiwan,East Asia,roaming,6.0,7.0,1.0,886,,False,to_other=8.0/min; receiving=6.0/min,https://www.celcomdigi.com/roaming/multi-day-pass#check,2026-05-17T20:12:16
170,CelcomDigi,Tajikistan,Other,roaming,6.0,7.0,1.0,992,,False,to_other=15.0/min; receiving=6.0/min,https://www.celcomdigi.com/roaming/multi-day-pass#check,2026-05-17T20:12:16
171,CelcomDigi,Tanzania,Other,roaming,6.0,11.0,1.0,255,,False,to_other=15.0/min; receiving=6.0/min,https://www.celcomdigi.com/roaming/multi-day-pass#check,2026-05-17T20:12:16
172,CelcomDigi,Thailand,Southeast Asia,roaming,6.0,7.0,1.0,66,,False,to_other=12.0/min; receiving=6.0/min,https://www.celcomdigi.com/roaming/multi-day-pass#check,2026-05-17T20:12:16
173,CelcomDigi,Timor-Leste,Southeast Asia,roaming,6.0,7.0,1.0,670,,False,to_other=12.0/min; receiving=6.0/min,https://www.celcomdigi.com/roaming/multi-day-pass#check,2026-05-17T20:12:16
174,CelcomDigi,Tonga,Other,roaming,6.0,7.0,1.0,676,,False,to_other=12.0/min; receiving=6.0/min,https://www.celcomdigi.com/roaming/multi-day-pass#check,2026-05-17T20:12:16
175,CelcomDigi,Trinidad and Tobago,Other,roaming,6.0,11.0,1.0,1868,,False,to_other=15.0/min; receiving=6.0/min,https://www.celcomdigi.com/roaming/multi-day-pass#check,2026-05-17T20:12:16
176,CelcomDigi,Tunisia,Other,roaming,6.0,11.0,1.0,216,,False,to_other=15.0/min; receiving=6.0/min,https://www.celcomdigi.com/roaming/multi-day-pass#check,2026-05-17T20:12:16
177,CelcomDigi,Turkey,Europe,roaming,6.0,11.0,1.0,90,,False,to_other=15.0/min; receiving=6.0/min,https://www.celcomdigi.com/roaming/multi-day-pass#check,2026-05-17T20:12:16
178,CelcomDigi,Turkmenistan,Other,roaming,,,,993,,False,,https://www.celcomdigi.com/roaming/multi-day-pass#check,2026-05-17T20:12:16
179,CelcomDigi,Turks and Caicos,Other,roaming,6.0,11.0,1.0,1649,,False,to_other=15.0/min; receiving=6.0/min,https://www.celcomdigi.com/roaming/multi-day-pass#check,2026-05-17T20:12:16
180,CelcomDigi,Uganda,Other,roaming,6.0,11.0,1.0,256,,False,to_other=15.0/min; receiving=6.0/min,https://www.celcomdigi.com/roaming/multi-day-pass#check,2026-05-17T20:12:16
181,CelcomDigi,Ukraine,Europe,roaming,6.0,11.0,1.0,380,,False,to_other=15.0/min; receiving=6.0/min,https://www.celcomdigi.com/roaming/multi-day-pass#check,2026-05-17T20:12:16
182,CelcomDigi,United Arab Emirates,Middle East,roaming,6.0,11.0,1.0,971,,False,to_other=16.0/min; receiving=6.0/min,https://www.celcomdigi.com/roaming/multi-day-pass#check,2026-05-17T20:12:16
183,CelcomDigi,United Kingdom,Europe,roaming,6.0,11.0,1.0,44,,False,to_other=10.0/min; receiving=6.0/min,https://www.celcomdigi.com/roaming/multi-day-pass#check,2026-05-17T20:12:16
184,CelcomDigi,United States,North America,roaming,6.0,11.0,1.0,1,,False,to_other=12.0/min; receiving=6.0/min,https://www.celcomdigi.com/roaming/multi-day-pass#check,2026-05-17T20:12:16
185,CelcomDigi,Uruguay,Other,roaming,6.0,11.0,1.0,598,,False,to_other=12.0/min; receiving=6.0/min,https://www.celcomdigi.com/roaming/multi-day-pass#check,2026-05-17T20:12:16
186,CelcomDigi,Uzbekistan,Other,roaming,6.0,7.0,1.0,998,,False,to_other=15.0/min; receiving=6.0/min,https://www.celcomdigi.com/roaming/multi-day-pass#check,2026-05-17T20:12:16
187,CelcomDigi,Vanuatu,Other,roaming,6.0,7.0,1.0,678,,False,to_other=12.0/min; receiving=6.0/min,https://www.celcomdigi.com/roaming/multi-day-pass#check,2026-05-17T20:12:16
188,CelcomDigi,Vatican city,Other,roaming,6.0,11.0,1.0,379,,False,to_other=16.0/min; receiving=6.0/min,https://www.celcomdigi.com/roaming/multi-day-pass#check,2026-05-17T20:12:16
189,CelcomDigi,Venezuela,Other,roaming,,,,58,,False,,https://www.celcomdigi.com/roaming/multi-day-pass#check,2026-05-17T20:12:16
190,CelcomDigi,Vietnam,Southeast Asia,roaming,6.0,7.0,1.0,84,,False,to_other=12.0/min; receiving=6.0/min,https://www.celcomdigi.com/roaming/multi-day-pass#check,2026-05-17T20:12:16
191,CelcomDigi,Yemen,Other,roaming,6.0,11.0,1.0,967,,False,to_other=15.0/min; receiving=6.0/min,https://www.celcomdigi.com/roaming/multi-day-pass#check,2026-05-17T20:12:16
192,CelcomDigi,Zambia,Other,roaming,,,,260,,False,,https://www.celcomdigi.com/roaming/multi-day-pass#check,2026-05-17T20:12:16
193,CelcomDigi,Zimbabwe,Other,roaming,,,,263,,False,,https://www.celcomdigi.com/roaming/multi-day-pass#check,2026-05-17T20:12:16
